DRUG_NAME,MME
OTHER,11055.456000000002
OTHER,12768.800000000003
OTHER,52290.0
OTHER,607569.1470000005
OTHER,3285384.9600000037
TAPENTADOL,4376820.0
METHADONE,4715468.800000001
BUPRENORPHINE,5927798.107500001
OXYMORPHONE,6626384.984999995
MORPHINE,11046582.96
HYDROCODONE,14430688.204950022
FENTANYL,29496259.0325
OXYCODONE,49189693.347729005
