year,Purdue Pharma,Rhodes Pharma
2013,3585028.810000026,87.56
2014,8034997.730000127,963.51
2015,12254249.17000019,772254.6299999964
2016,7943139.379999959,660330.2999999977
2017,6824583.060000143,184659.97999999957
2018,4865194.890000016,80937.54000000036
