year,Purdue Pharma,Rhodes Pharma
2013,5366.290000000005,0.0
2014,12308.16,0.0
2015,38892.600000000006,44.62
2016,3111.3099999999995,309.66
2017,2673.7200000000003,247.06000000000003
2018,796.5599999999998,126.26000000000002
