DRUG_NAME,MME
OTHER,4444.65
OTHER,5400.0
OTHER,19000.0
OTHER,71992.47
OTHER,168170.043
OTHER,183090.0
OTHER,1211069.877960003
HYDROCODONE,1684504.8087689965
METHADONE,2298860.49
MORPHINE,5175136.666312999
OXYCODONE,11973243.267202495
FENTANYL,23855886.0
